username,platform,profile_url,display_name,niche,content_type,language,region,target_audience,priority,status,verified_manual,follower_count_approx,avg_views_approx,avg_likes_approx,engagement_rate_approx,posting_frequency,top_hashtags_manual,bio_summary,notes,added_at,last_reviewed,tiktok_id,display_name_live,bio_live,verified_live,private,region_live,language_live,avatar_url,follower_count,following_count,total_likes,total_videos,sample_size,avg_views,avg_likes,avg_comments,avg_shares,engagement_rate_pct,total_interactions_sample,videos_per_week,top_hashtags_live,latest_video_date,scraped_at,merged_at
badboyhalo,tiktok,https://www.tiktok.com/@badboyhalo,BadBoyHalo,gaming/minecraft,gameplay/smp,en,CA,all ages,3,active,false,900000,200000,25000,6.2,biweekly,bbh|minecraft|smp,BadBoyHalo – family-friendly SMP content creator,Often featured with Skeppy,2026-07-19,2026-07-19,,badboyhalo,,,,,,,,,,,0,,,,,,0,,,,2026-07-19T10:04:37.132Z,2026-07-19T10:04:42Z
dream,tiktok,https://www.tiktok.com/@dream,Dream,gaming/minecraft,gameplay highlight,en,US,13-24,1,active,true,5000000,800000,90000,8.2,weekly,dream|minecraft|speedrun,Dream – world-famous Minecraft speedrunner and manhunt creator,Top-tier creator – DreamSMP lead,2026-07-19,2026-07-19,,dream,,,,,,,,,,,0,,,,,,0,,,,2026-07-19T10:04:34.258Z,2026-07-19T10:04:42Z
eystreem,tiktok,https://www.tiktok.com/@eystreem,Eystreem,gaming/minecraft,family/challenge,en,AU,under 13,3,active,false,1200000,300000,30000,6.5,daily,eystreem|minecraft|kids,Eystreem – kid-friendly Minecraft challenge creator from Australia,Strong family audience,2026-07-19,2026-07-19,,eystreem,,,,,,,,,,,0,,,,,,0,,,,2026-07-19T10:04:40.485Z,2026-07-19T10:04:42Z
georgenotfound,tiktok,https://www.tiktok.com/@georgenotfound,GeorgeNotFound,gaming/minecraft,gameplay/vlog,en,GB,13-24,1,active,true,4000000,600000,70000,7.8,weekly,georgenotfound|dream|minecraft,GeorgeNotFound – DreamSMP member and colorblindness mod creator,DreamSMP network boosts reach,2026-07-19,2026-07-19,,georgenotfound,,,,,,,,,,,0,,,,,,0,,,,2026-07-19T10:04:35.147Z,2026-07-19T10:04:42Z
ibxtoycat,tiktok,https://www.tiktok.com/@ibxtoycat,IBXToycat,gaming/minecraft,tips/bedrock,en,CA,all ages,3,active,false,700000,150000,18000,5.9,weekly,ibxtoycat|minecraft|bedrock,IBXToycat – focused on Bedrock Edition tips and guides,Unique Bedrock-specific niche,2026-07-19,2026-07-19,,ibxtoycat,,,,,,,,,,,0,,,,,,0,,,,2026-07-19T10:04:39.956Z,2026-07-19T10:04:42Z
mclovin_official,tiktok,https://www.tiktok.com/@mclovin_official,MCLovin,gaming/minecraft,shorts/highlight,en,US,13-24,2,active,false,500000,100000,12000,6.8,daily,mclovin|minecraft|shorts,MCLovin – short-form Minecraft highlight clips,Good short-form signal for trend tracking,2026-07-19,2026-07-19,,mclovin_official,,,,,,,,,,,0,,,,,,0,,,,2026-07-19T10:04:41.327Z,2026-07-19T10:04:42Z
minecraft,tiktok,https://www.tiktok.com/@minecraft,Minecraft,gaming/minecraft,official brand,en,US,all ages,1,active,true,15000000,2000000,150000,7.5,daily,minecraft|gaming|mojang,Official Minecraft TikTok account by Mojang Studios,Brand account — highest authority signal,2026-07-19,2026-07-19,,minecraft,,,,,,,,,,,0,,,,,,0,,,,2026-07-19T10:04:33.879Z,2026-07-19T10:04:42Z
prestonplayz,tiktok,https://www.tiktok.com/@prestonplayz,PrestonPlayz,gaming/minecraft,family/challenge,en,US,all ages,2,active,true,6000000,700000,60000,5.8,daily,preston|minecraft|challenge,PrestonPlayz – family-friendly Minecraft challenge videos,Large family audience – broad appeal,2026-07-19,2026-07-19,,prestonplayz,,,,,,,,,,,0,,,,,,0,,,,2026-07-19T10:04:36.370Z,2026-07-19T10:04:42Z
sapnap,tiktok,https://www.tiktok.com/@sapnap,Sapnap,gaming/minecraft,gameplay/vlog,en,US,13-24,2,active,false,3000000,400000,50000,7.2,weekly,sapnap|minecraft|dreamsmp,Sapnap – DreamSMP member and competitive MC player,Part of the Dream network,2026-07-19,2026-07-19,,sapnap,,,,,,,,,,,0,,,,,,0,,,,2026-07-19T10:04:35.554Z,2026-07-19T10:04:42Z
skeppy,tiktok,https://www.tiktok.com/@skeppy,Skeppy,gaming/minecraft,comedy/trolling,en,US,13-24,3,active,false,1800000,300000,40000,6.9,biweekly,skeppy|minecraft|troll,Skeppy – known for trolling and prank content on servers,Part of BadBoyHalo's content circle,2026-07-19,2026-07-19,,skeppy,,,,,,,,,,,0,,,,,,0,,,,2026-07-19T10:04:36.728Z,2026-07-19T10:04:42Z
technoblade,tiktok,https://www.tiktok.com/@technoblade,Technoblade,gaming/minecraft,gameplay/commentary,en,US,13-30,2,active,true,2500000,1200000,180000,10.5,archive,technoblade|minecraft|pvp,Technoblade – legendary PvP player (archive account),Memorial account – high historic engagement,2026-07-19,2026-07-19,,technoblade,,,,,,,,,,,0,,,,,,0,,,,2026-07-19T10:04:35.964Z,2026-07-19T10:04:42Z
tommyinnit,tiktok,https://www.tiktok.com/@tommyinnit,TommyInnit,gaming/minecraft,comedy/reaction,en,GB,13-24,1,active,true,12000000,1500000,200000,9.1,daily,tommyinnit|minecraft|shorts,TommyInnit – viral UK Minecraft creator known for high-energy short clips,Massive cross-platform reach,2026-07-19,2026-07-19,,tommyinnit,,,,,,,,,,,0,,,,,,0,,,,2026-07-19T10:04:34.708Z,2026-07-19T10:04:42Z
tubbo,tiktok,https://www.tiktok.com/@tubbo,Tubbo,gaming/minecraft,vlog/smp,en,GB,13-24,3,active,false,2000000,350000,45000,7.4,weekly,tubbo|minecraft|wilbur,Tubbo – DreamSMP member known for creative builds and collabs,Close to TommyInnit's audience,2026-07-19,2026-07-19,,tubbo,,,,,,,,,,,0,,,,,,0,,,,2026-07-19T10:04:37.505Z,2026-07-19T10:04:42Z
unspeakable,tiktok,https://www.tiktok.com/@unspeakable,Unspeakable,gaming/minecraft,challenge/entertainment,en,US,all ages,3,active,false,2500000,400000,40000,5.6,daily,unspeakable|minecraft|gaming,Unspeakable – high-energy Minecraft challenge and entertainment,Long-form cross-posted to TikTok,2026-07-19,2026-07-19,,unspeakable,,,,,,,,,,,0,,,,,,0,,,,2026-07-19T10:04:40.968Z,2026-07-19T10:04:42Z
wilbursoot,tiktok,https://www.tiktok.com/@wilbursoot,WilburSoot,gaming/minecraft,story/narrative,en,GB,16-30,3,active,false,1500000,250000,35000,7.1,monthly,wilbur|minecraft|lmanberg,WilburSoot – story-driven MC and music/variety creator,Artistic narrative style sets him apart,2026-07-19,2026-07-19,,wilbursoot,,,,,,,,,,,0,,,,,,0,,,,2026-07-19T10:04:38.041Z,2026-07-19T10:04:42Z
