Ticker,Name,MarketCap,PE,PB,DivYield,ROE,LastUpdated,PE_Score,PB_Score,Div_Score,ROE_Score,Total_Score,Is_Top_Holding
2250.SR,Saudi Industrial Investment Gro,7791570944.0,127.44444,0.8726415,8936.0,0.56800004,2026-10-03T00:55:50.393647,-2.5997786899759587,0.34619156873526896,8.966174287251723,-0.1258206235777436,6.58676654243329,False
2110.SR,Saudi Cable Co.,1201790464.0,7.366053,-7.5475655,0.0,0.0,2026-10-01T22:59:36.219873,0.47123320969632204,2.205767191793643,-0.4253903259339601,-0.14604949188929592,2.105560583666709,False
4030.SR,National Shipping Company of Sa,32835061760.0,5.1416187,1.72752,281.0,38.24,2026-10-03T00:55:50.391252,0.5281232494112891,0.1573944026707401,-0.13006471533579794,1.2158376027555575,1.7712905395017888,False
4003.SR,United Electronics Co.,4506757120.0,9.231379,2.6987584,850.0,28.129998,2026-10-01T18:01:45.359406,0.4235273861431784,-0.05710047290871042,0.46794337160496463,0.85577794661974,1.6901482314591727,False
4321.SR,Arabian Centres Co.,7255365120.0,6.211454,0.45070964,988.0000000000001,7.481999999999999,2026-09-30T14:50:21.432290,0.5007621478919169,0.4393738624066334,0.6129787248524607,0.12041596946354907,1.6735307046145602,False
2050.SR,Savola Group,7170802688.0,7.7967744,1.3474189,700.0,16.775000000000002,2026-10-02T02:07:12.969498,0.46021748423655634,0.24133850759092473,0.31029624850986026,0.45137875111978926,1.4632309914571306,False
1020.SR,Bank Aljazira,14696308736.0,11.405941,0.9681486,860.0,7.579,2026-09-30T14:50:21.429330,0.3679128334712213,0.32509913300429477,0.4784531798113049,0.12387054708333337,1.2953356933701545,False
3010.SR,Arabian Cement Co.,2000000000.0,9.803922,0.7806401,739.0,7.994,2026-09-30T01:04:11.158939,0.4088845648161892,0.3665097819011974,0.3512845005145874,0.13865044102364754,1.2653292882556215,False
3060.SR,Yanbu Cement Co.,2241224960.0,18.48052,0.9099629,1054.0,4.755,2026-10-03T00:55:50.396085,0.18698005416788488,0.3379492576307544,0.6823434590143066,0.02329603988466533,1.2305688106976114,False
3030.SR,Saudi Cement Co.,4060620032.0,11.198313,1.8916608,661.0,17.2,2026-09-29T17:38:45.644263,0.3732229319380266,0.12114443513083284,0.26930799650513315,0.4665147870827615,1.230190150656754,False
1060.SR,Saudi Awwal Bank,68465750016.0,8.722513,0.9996399,602.0,11.079001,2026-09-30T19:49:50.935899,0.4365416644024179,0.3181443807258273,0.2073001280877254,0.24852029062789618,1.2105064638438667,False
1010.SR,Riyad Bank,79826739200.0,8.016001,1.1839074,525.0,13.875000000000002,2026-09-29T21:52:30.393340,0.4546107508839115,0.27744949625067017,0.12637460489890517,0.34809756454891916,1.206532416582406,True
4012.SR,Thob Al Aseel Co.,1308000000.0,12.111111,2.0,671.0,17.141001,2026-10-01T22:59:36.221437,0.3498780687196603,0.09721807140347484,0.27981780471147344,0.4644135847632806,1.1913275295978891,False
1080.SR,Arab National Bank,45337399296.0,8.618868,1.0581913,570.0,11.023,2026-09-29T17:38:45.615507,0.4391923914507545,0.30521349243104545,0.17366874182743647,0.24652585968680812,1.1646004853960445,False
1180.SR,The Saudi National Bank,238824407040.0,9.603819,1.2491851,568.0,12.561,2026-09-30T07:58:53.418184,0.414002210959788,0.26303312624345804,0.17156678018616842,0.3013005027716351,1.1499026201610496,True
1030.SR,Saudi Investment Bank,18135742464.0,8.552941,1.0268362,548.0,10.705,2026-10-01T04:12:14.790801,0.4408784784025195,0.31213816537775063,0.15054716377348784,0.23520054336627824,1.1387643509200363,False
3080.SR,Eastern Province Cement Co.,2003799936.0,9.209486,0.81462836,505.0,9.165,2026-09-29T17:38:45.670943,0.42408730092217634,0.3590035840409583,0.10535498848622459,0.1803546718769196,1.0688005453262788,False
3020.SR,Yamama Cement Co.,4309200384.0,8.903766,0.8560281,470.0,9.764000000000001,2026-10-02T21:09:26.977748,0.43190610813156877,0.3498605846699268,0.06857065976403356,0.20168757903414422,1.0520249315996733,False
1050.SR,Banque Saudi Fransi,50397110272.0,10.18,1.1597176,532.0,10.671999999999999,2026-10-01T11:22:19.866447,0.3992663475661111,0.28279173574747324,0.13373147064334337,0.23402527469150625,1.049814828648434,True
4002.SR,Mouwasat Medical Services Co.,12540000256.0,14.752941,3.1623545,658.0,22.576999999999998,2026-10-03T06:02:59.585451,0.2823131091161371,-0.1594841799250501,0.26615505404323103,0.6580123526660611,1.046996335900379,False
1182.SR,Amlak International Finance Co.,848016000.0,11.39726,0.6647491,601.0,5.8769997,2026-10-01T18:01:45.349450,0.3681348505632818,0.3921039363598536,0.20624914726709137,0.06325516414265166,1.0297430983328786,False
4260.SR,United International Transporta,2885365504.0,9.419795,0.9644617,454.0,10.3590004,2026-10-02T02:07:12.960959,0.4187086357206844,0.3259133730063107,0.0517549666338891,0.22287804362798636,1.0192550189888705,False
7030.SR,Mobile Telecommunication Compan,8780583936.0,11.102273,0.811125,504.0,7.384,2026-09-30T19:49:50.955660,0.3756791606583918,0.35977728982453316,0.10430400766559056,0.11692577764149902,0.9566862357900145,False
2020.SR,SABIC Agri-Nutrients Co.,56886231040.0,14.6446085,2.6843073,571.0,18.299000000000003,2026-09-30T07:58:53.415395,0.2850837192561721,-0.053908993971627406,0.1747197226480705,0.5056547953728949,0.9115492433055101,True
7020.SR,Etihad Etisalat Co.,49081626624.0,13.463158,2.3516216,469.00000000000006,18.108,2026-10-02T16:06:36.162495,0.31529938616360453,0.01956357242253737,0.0675196789433996,0.49885248274012367,0.9012351202696651,True
1140.SR,Bank Albilad,36135002112.0,12.166667,1.6714077,409.99999999999994,13.972001,2026-09-30T07:58:53.412886,0.348457220710616,0.1697866235785798,0.005511810525991763,0.35155217778290565,0.8753078325980932,False
7010.SR,Saudi Telecom Co.,213463941120.0,14.501695,2.5133657,509.99999999999994,17.392,2026-09-30T01:04:11.174993,0.2887387405309317,-0.01615709163400136,0.11060989258939467,0.4733527139177985,0.8565442554041235,True
2081.SR,Alkhorayef Water and Power Tech,3190249984.0,12.072847,3.003295,193.0,27.988002,2026-09-30T23:28:32.609135,0.3508566727987529,-0.12435640114053166,-0.2225510275515925,0.8507208723548031,0.8546701164614319,False
1150.SR,Alinma Bank,72779997184.0,12.190955,1.9067831,411.00000000000006,13.888,2026-10-01T22:59:36.220806,0.3478360536639664,0.11780472383340562,0.006562791346625911,0.34856054917837476,0.8207641180223727,True
2222.SR,Saudi Arabian Oil Co.,6115419488256.0,14.95858,3.9145246,537.0,23.747998,2026-10-02T21:09:26.981034,0.27705387944280124,-0.3255985263245364,0.1389863747465135,0.6997165122909287,0.790158240155707,True
2080.SR,National Gas and Industrializat,4368750080.0,15.9153,2.0300412,515.0,13.219,2026-10-03T06:02:59.595502,0.25258570845833866,0.0905835690441598,0.11586479669256489,0.32473464786254297,0.7837687220576064,False
3040.SR,Qassim Cement Co.,4757026304.0,20.540285,1.8277665,734.0,8.663999,2026-09-29T11:05:39.003143,0.1343014416085033,0.13525528569927828,0.3460295964114173,0.1625119209275429,0.7780982446467417,False
4007.SR,Al Hammadi Holding,3596800000.0,15.39726,1.7404768,474.0,11.549,2026-09-29T21:52:30.392500,0.26583461231400285,0.15453293508059146,0.07277458304656968,0.26525893007862805,0.7584010605197921,False
5110.SR,Saudi Energy Co.,64457207808.0,14.875001,0.7697666,449.0,5.1979999999999995,2026-10-02T09:21:43.493002,0.27919141734596037,0.36891115938958036,0.04650006253071896,0.039073131488422376,0.733675770754682,False
4040.SR,Saudi Public Transport Co.,1331249920.0,11.210526,1.2704282,0.0,17.652,2026-10-01T18:01:45.332429,0.372910583735592,0.25834165596034137,-0.4253903259339601,0.482612406506911,0.6884743202688843,False
4150.SR,Arriyadh Development Co.,3836465408.0,12.8125,0.9183559,303.0,7.272,2026-10-02T02:07:12.974218,0.33194000326830436,0.3360956905861047,-0.10694313728184929,0.11293698698772747,0.6740295435602872,False
4020.SR,Saudi Real Estate Co.,5591249920.0,8.668605,0.9491978,0.0,13.297,2026-09-30T14:50:21.438981,0.43792036471330337,0.3292843562081252,-0.4253903259339601,0.32751255563927667,0.6693269506267452,False
1120.SR,Al Rajhi Bank,379799994368.0,15.216347,3.1473746,398.0,18.521,2026-09-30T23:28:32.631251,0.2704614730646007,-0.15617591720943605,-0.007099959321616527,0.5135611482759063,0.6207467448094544,True
4005.SR,National Medical Care Co.,4553911296.0,15.1636915,2.4445243,294.0,16.792,2026-10-02T21:09:27.000696,0.2718081406133845,-0.00095368994836453,-0.11640196466755555,0.4519841925583082,0.6064366785557727,False
4190.SR,Jarir Marketing Co.,19116001280.0,17.129032,11.3380785,498.00000000000006,67.24799999999999,2026-09-30T14:50:21.459646,0.22154444026564526,-1.9650665190829,0.09799812274178644,2.248934382082385,0.6034104260069169,False
4031.SR,Saudi Ground Services Co.,4183000064.0,19.866072,1.6123189,441.0,8.246,2026-09-30T23:28:32.605581,0.1515444792411936,0.18283619493422126,0.03809221596564673,0.14762521999463354,0.5200981101356951,False
2010.SR,Saudi Basic Industries Corp.,138180001792.0,15.216347,1.1185857,474.0,-0.11399999999999999,2026-09-30T14:50:21.427816,0.2704614730646007,0.29187558351630777,0.07277458304656968,-0.15010951094759908,0.48500212867987913,False
2280.SR,Almarai Co.,41747632128.0,17.142857,2.0156453,274.0,12.235,2026-10-03T06:02:59.579104,0.22119086506719615,0.0937628572388545,-0.13742158108023614,0.28969027283297866,0.46722241405879317,False
4250.SR,Jabal Omar Development Co.,20473399296.0,11.644296,1.3253381,0.0,11.5609996,2026-09-29T17:38:45.660369,0.36181689014924456,0.2462149812236546,-0.4253903259339601,0.26568628626013696,0.44832783169907603,False
4240.SR,AFG International Co.,1653784448.0,15.216347,-0.95228654,0.0,0.0,2026-10-03T00:55:50.339671,0.2704614730646007,0.7492210544735289,-0.4253903259339601,-0.14604949188929592,0.44824270971487357,False
4015.SR,Jamjoom Pharmaceuticals Factory,8876000256.0,18.45706,4.725701,333.0,26.999000000000002,2026-10-01T22:59:36.242722,0.1875800450652169,-0.5047442242201164,-0.07541371266282842,0.8154983550855053,0.42292046326777727,False
1183.SR,SHL Finance Co.,1322999936.0,22.05,0.76802504,371.0,3.4930002,2026-09-30T01:04:11.138938,0.09569039056137574,0.36929577731193,-0.03547644147873531,-0.02164907625195564,0.40786065014261474,False
2040.SR,Saudi Ceramic Co.,2161062400.0,24.08889,1.3980783,454.0,5.766,2026-09-30T19:49:51.007413,0.04354565737035766,0.23015054210281222,0.0517549666338891,0.059301998375406624,0.3847531644824656,False
3050.SR,Southern Province Cement Co.,2468199936.0,15.216347,0.8090125,284.0,-1.4839999,2026-10-01T11:22:19.831987,0.2704614730646007,0.3602438286523447,-0.12691177287389585,-0.19890096449034855,0.30489256435270107,False
4322.SR,Retal Urban Development co.,4241826560.0,21.25,4.0075436,244.0,23.153000000000002,2026-09-30T23:28:32.624448,0.11615043821123154,-0.346141473176231,-0.168951005699257,0.678526133171172,0.2795840925069156,False
8210.SR,Bupa Arabia for Cooperative Ins,22034999296.0,19.71812,3.8696587,271.0,20.357999,2026-10-02T09:21:43.562122,0.15532836045355794,-0.31569003667023515,-0.14057452354213823,0.5789844022240103,0.2780482024651948,False
2070.SR,Saudi Pharmaceutical Industries,3702392064.0,17.329609,2.192846,112.99999999999999,12.747,2026-10-01T11:22:19.946099,0.21641467154381377,0.05462865280553361,-0.3066294932023148,0.30792474439307715,0.27233857554010976,False
4004.SR,Dallah Healthcare Co.,9196578816.0,20.84254,2.2097585,225.0,10.306999999999999,2026-10-01T04:12:14.790339,0.12657125198049435,0.05089358159826104,-0.18891964129130356,0.2210260908644829,0.20957128315193474,False
8010.SR,The Company for Cooperative Ins,19402862592.0,19.759726,3.4207501,153.0,18.535,2026-10-01T22:59:36.276598,0.15426428452540802,-0.2165500167703369,-0.26459026037695366,0.5140597471076277,0.1871837544857452,False
4300.SR,Dar Alarkan Real Estate Develop,20271599616.0,17.063637,0.8926194,0.0,5.356000000000001,2026-10-01T04:12:14.759123,0.22321692128572312,0.3417795138012396,-0.4253903259339601,0.044700175446421554,0.1843062845994242,False
3090.SR,Tabuk Cement Co.,631800000.0,43.875,0.5596747,677.0,1.2710000000000001,2026-09-29T11:05:38.909446,-0.4624852843862527,0.415309279512045,0.2861236896352776,-0.10078384080944212,0.13816384395162778,False
4280.SR,Kingdom Holding Co.,49919819776.0,26.411766,0.7324234,208.0,3.3570003,2026-10-02T16:06:36.179285,-0.015862034685525394,0.3771582849539511,-0.20678631524208205,-0.02649260419868656,0.1280173308276571,False
2090.SR,National Gypsum Co.,350233376.0,15.216347,0.6294463,0.0,0.0,2026-10-02T09:21:43.573405,0.2704614730646007,0.39990044614942344,-0.4253903259339601,-0.14604949188929592,0.09892210139076821,False
4080.SR,Sinad Holding Co.,1011111104.0,15.216347,0.9882643,0.0,2.036,2026-10-01T18:01:45.342217,0.2704614730646007,0.32065664538365135,-0.4253903259339601,-0.07353897607609189,0.09218881643820015,False
8030.SR,The Mediterranean and Gulf Insu,2102763136.0,21.43662,1.269603,0.0,7.637,2026-10-02T16:06:36.188441,0.11137762059571141,0.25852389872517456,-0.4253903259339601,0.12593617081475078,0.07044736420167669,False
8012.SR,Aljazira Takaful Taawuni Co.,667259968.0,34.86207,0.68039566,388.0,2.016,2026-09-30T01:04:11.149298,-0.23197906280523425,0.3886484439282874,-0.01760976752795682,-0.07425126012140824,0.06480835347368809,False
4090.SR,Taiba Investments Co.,9024999424.0,25.069443,1.3027787,185.0,4.6329997,2026-09-30T07:58:53.413587,0.018467955991346343,0.25119715212643917,-0.23095887411666474,0.018951096523974947,0.057657330525095696,False
2083.SR,The Power and Water Utility Com,10085000192.0,33.33884,1.9226003,432.0,5.6799997,2026-09-29T21:52:30.380423,-0.19302236482812182,0.11431154610689141,0.028633388579940463,0.05623916629628564,0.006161736154995698,False
4110.SR,Batic Investments and Logistics,1086000000.0,15.216347,2.4965515,0.0,6.565,2026-10-01T18:01:45.304870,0.2704614730646007,-0.012443729665438294,-0.4253903259339601,0.08775774598579465,-0.07961483654900299,False
8040.SR,Mutakamela Insurance Co.,591910464.0,15.216347,0.8425777,0.0,-3.8089999999999997,2026-10-02T16:06:36.207602,0.2704614730646007,0.3528310622318661,-0.4253903259339601,-0.281703988319794,-0.08380177895728719,False
4170.SR,Tourism Enterprise Co.,682318784.0,15.216347,1.4252928,0.0,-3.0589999999999997,2026-10-02T02:07:12.963289,0.2704614730646007,0.22414030734329596,-0.4253903259339601,-0.25499333662043105,-0.18578188214649444,False
4001.SR,Abdullah Al Othaim Markets Co.,3815999744.0,47.111107,3.5570467,826.0,7.4910000000000005,2026-09-30T07:58:53.414126,-0.5452489136612925,-0.24665068233185314,0.44271983190974795,0.12073649728394148,-0.2284432667994562,False
4061.SR,Anaam International Holding Gro,370124992.0,15.216347,1.5147609,0.0,-5.3069999999999995,2026-09-29T21:52:30.446402,0.2704614730646007,0.20438156533121138,-0.4253903259339601,-0.3350540633139883,-0.2856013508521363,False
4310.SR,Knowledge Economic City,7125300224.0,15.216347,2.4370432,0.0,-0.377,2026-10-02T09:21:43.519652,0.2704614730646007,0.000698486915418203,-0.4253903259339601,-0.15947604614350902,-0.3137064120974502,False
4200.SR,Aldrees Petroleum and Transport,11690000384.0,25.524017,6.8330607,171.0,28.212,2026-10-03T06:02:59.576131,0.0068421988658643835,-0.9701478333161409,-0.24567260560554113,0.8586983824339416,-0.35027985762187597,False
4100.SR,Makkah Construction and Develop,15439998976.0,30.03891,3.967316,194.0,12.926000000000002,2026-09-30T01:04:11.154026,-0.10862645852663612,-0.33725733715271716,-0.22150004673095847,0.3142996865986585,-0.3530841558116533,False
2140.SR,AYYAN Investment Co.,857421568.0,13.741936,0.9975413,0.0,-12.167,2026-09-29T21:52:30.390722,0.3081696222089402,0.31860784978336354,-0.4253903259339601,-0.579367490857495,-0.3779803447991513,False
1211.SR,Saudi Arabian Mining Co.,237177995264.0,26.11111,3.6362555,0.0,12.613,2026-09-25T16:33:18.065429,-0.008172739577756587,-0.26414369094930235,-0.4253903259339601,0.3031524412894576,-0.3945543151715615,True
2220.SR,National Metal Manufacturing an,361080000.0,15.216347,1.65692,0.0,-9.2539996,2026-10-03T00:55:50.408385,0.2704614730646007,0.17298618550789852,-0.4253903259339601,-0.4756233054114883,-0.45756597277294914,False
4071.SR,Arabian Contracting Services Co,2520100096.0,15.216347,1.8744886,0.0,-10.632,2026-10-02T21:09:27.012898,0.2704614730646007,0.12493686024749359,-0.4253903259339601,-0.5246996903794654,-0.5546916830013312,False
4011.SR,Lazurde Company for Jewelry,557750016.0,15.216347,2.3144834,0.0,-12.269,2026-10-01T11:22:19.851071,0.2704614730646007,0.027765424396516983,-0.4253903259339601,-0.5830001394886083,-0.7101635679614506,False
1111.SR,Saudi Tadawul Group Holding Co.,13968000000.0,42.794117,4.2199907,195.0,9.9,2026-10-01T04:12:14.796166,-0.43484163728135383,-0.39305973164059477,-0.22044906591032443,0.20653111054229534,-0.8418193242899776,False
2030.SR,Saudi Arabia Refineries Co.,777000000.0,15.216347,2.79155,0.0,-13.859001000000001,2026-09-29T11:05:39.025752,0.2704614730646007,-0.07759319920208817,-0.4253903259339601,-0.6396267567054601,-0.8721488087769076,False
4050.SR,Saudi Automotive Services Co.,2814000128.0,44.666668,3.063324,0.0,6.296,2026-09-30T19:49:51.167964,-0.4827322406398353,-0.13761361264098187,-0.4253903259339601,0.07817752557628979,-0.9675586536384875,False
4220.SR,Emaar The Economic City,8237735936.0,58.3125,0.90741104,0.0,0.067000004,2026-10-01T11:22:19.872190,-0.8317252068172439,0.3385128277008795,-0.4253903259339601,-0.14366334019502935,-1.0622660452453538,False
4130.SR,Saudi Darb Investment Co.,427858240.0,65.333336,1.836926,0.0,3.0700000000000003,2026-10-03T06:02:59.567495,-1.0112835056945229,0.13323243959592201,-0.4253903259339601,-0.0367138909332368,-1.3401552829657977,False
2060.SR,National Industrialization Co.,5217529344.0,15.216347,0.74971163,0.0,-40.919,2026-09-30T23:28:32.606299,0.2704614730646007,0.3733402349851289,-0.4253903259339601,-1.6033470344042737,-1.3849356522885041,False
4140.SR,Saudi Industrial Export Co.,433512000.0,15.216347,4.4158416,0.0,-19.06,2026-09-30T19:49:51.017659,0.2704614730646007,-0.4363127727349578,-0.4253903259339601,-0.8248561870757736,-1.4160978126800907,False
4290.SR,Alkhaleej Training and Educatio,794300032.0,101.833336,1.5133128,0.0,2.7780002,2026-10-02T21:09:27.014196,-1.9447731797191936,0.20470137355679902,-0.4253903259339601,-0.047113230872015,-2.2125753629683693,False
2082.SR,ACWA POWER Co.,125257310208.0,77.85715,8.342689,27.0,5.9949997999999995,2026-10-02T02:07:12.952563,-1.3315807946919367,-1.303544385985102,-0.39701384377684135,0.06745764357143831,-2.9646813808824413,False
2001.SR,Methanol Chemicals Co.,375000000.0,15.216347,1.8420278,0.0,-106.29299999999999,2026-10-02T16:06:36.219183,0.2704614730646007,0.13210572348149405,-0.4253903259339601,-3.9315898933298135,-3.954413022717679,False
4180.SR,Fitaihi Holding Group,602249984.0,219.00002,1.2867215,112.99999999999999,0.17099999999999999,2026-09-29T11:05:38.948370,-4.941318101738689,0.2547433330807284,-0.3066294932023148,-0.13995946330184117,-5.133163725162117,False
4320.SR,Alandalus Property Co.,1306666752.0,280.0,1.3559322,332.0,1.646,2026-09-29T17:38:45.641836,-6.501396223539002,0.23945837267835277,-0.07646469348346245,-0.08742851495976064,-6.425831059303872,False
4270.SR,Saudi Printing and Packaging Co,462920000.0,15.216347,12.4561405,0.0,-175.101,2026-09-29T11:05:38.939240,0.2704614730646007,-2.211986914302149,-0.4253903259339601,-6.38213192283617,-8.749047690007679,False
4160.SR,Thimar Development Holding Co.,204880000.0,15.216347,39.252804,0.0,-94.044995,2026-10-01T04:12:14.798092,0.2704614730646007,-8.129943827225796,-0.4253903259339601,-3.495386965907072,-11.780259646002227,False
